{
    "accuracy": 0.9772727272727273,
    "f1_score": 0.9565217391304348,
    "roc_auc": 1.0,
    "precision": 0.9166666666666666,
    "recall": 1.0,
    "specificity": 0.9696969696969697,
    "cv_f1_mean": 0.8981372549019608,
    "cv_f1_std": 0.054972293884860524
}